Series Name,Series Code,Country Name,Country Code,1990 [YR1990],2000 [YR2000],2010 [YR2010],2011 [YR2011],2012 [YR2012],2013 [YR2013],2014 [YR2014],2015 [YR2015],2016 [YR2016],2017 [YR2017],2018 [YR2018],2019 [YR2019]
GDP 增长率（年百分比）,NY.GDP.MKTP.KD.ZG,阿拉伯联盟国家,ARB,13.1108930579909,5.48019245374824,4.77207865022406,3.62908644937873,6.6566784518331,3.16615143797144,2.45520052829529,3.30761814833609,3.24732515694024,0.999881844632398,2.09674677213106,..
GDP 增长率（年百分比）,NY.GDP.MKTP.KD.ZG,加勒比小国,CSS,0.978716321457739,3.81991851870573,1.46228304677069,1.11817959628434,1.32390135121392,1.22014468892218,0.330079320674102,1.16825123657954,-2.05051393637426,0.294576117146079,1.63864383756487,..
GDP 增长率（年百分比）,NY.GDP.MKTP.KD.ZG,中歐和波羅的海,CEB,..,4.04258027503064,1.55604813828722,3.20692185780575,0.743004149761632,1.3377205874275,3.04859220439504,3.83007928428599,3.14122989289736,4.72069022443516,4.31113883375609,..
GDP 增长率（年百分比）,NY.GDP.MKTP.KD.ZG,早人口紅利,EAR,5.87703686458907,4.47662845353429,6.16796544601219,4.9716490552657,4.23238037670288,4.29850909173919,4.01238351476674,4.6557374195757,4.78963282660179,4.69925741870382,4.10660551686681,..
GDP 增长率（年百分比）,NY.GDP.MKTP.KD.ZG,东亚与太平洋地区,EAS,5.09710989547662,4.88873433522114,7.0614511696273,4.61468213676409,4.68439892244321,4.75022654118906,4.12660292358014,4.13402311344049,4.04300698578956,4.58520868869084,4.20686184970319,..
GDP 增长率（年百分比）,NY.GDP.MKTP.KD.ZG,东亚与太平洋地区（不包括高收入）,EAP,5.40792354806743,7.50467999261552,9.7766019579125,8.46853573799895,7.5091460179766,7.20088214461674,6.75932058387755,6.50970836126803,6.36845598030584,6.47242799808781,6.32392330453717,..
GDP 增长率（年百分比）,NY.GDP.MKTP.KD.ZG,东亚与太平洋地区 (IBRD与IDA),TEA,5.4079235480674,7.50467999261552,9.77711191413245,8.46906353478703,7.50986460914898,7.20127980251914,6.75959915521018,6.51005712801096,6.36877957759461,6.47276926448824,6.32390035105041,..
GDP 增长率（年百分比）,NY.GDP.MKTP.KD.ZG,欧洲货币联盟,EMU,3.58269963425053,3.86689259667359,2.07687496364026,1.57558790196843,-0.857964535844587,-0.24817289410467,1.39328438254789,2.09958164289772,1.89722355121495,2.44098615942872,1.91043697561828,..
GDP 增长率（年百分比）,NY.GDP.MKTP.KD.ZG,欧洲与中亚地区,ECS,2.32521921487667,4.2812963471941,2.56070594711267,2.33351497503801,0.314504711962641,0.894560514981151,1.86136575900007,2.03400361742123,1.90827543259343,2.66780953839729,2.1167629435537,..
GDP 增长率（年百分比）,NY.GDP.MKTP.KD.ZG,欧洲与中亚地区（不包括高收入）,ECA,-1.4067696717879,8.01130501907399,5.07979129338054,6.04202283679467,3.70054416143404,4.03565995508355,2.22952487508228,0.818800416417261,1.74327387081252,4.02785344368954,2.76757903865624,..
GDP 增长率（年百分比）,NY.GDP.MKTP.KD.ZG,欧洲与中亚地区 (IBRD与IDA),TEC,-1.40676967178788,7.41695283132519,4.76898325366744,5.80205366241265,3.3339549497065,3.62945248304914,2.33389350412135,1.2240602318024,1.94005731211517,4.11579546642042,3.08147140121537,..
GDP 增长率（年百分比）,NY.GDP.MKTP.KD.ZG,欧洲联盟,EUU,2.97912891192291,3.84199381520374,2.084944736588,1.71133442132974,-0.39614857365676,0.25701452154911,1.77818631136206,2.33886610781113,2.00292032535658,2.50181059299311,2.01191681668011,..
GDP 增长率（年百分比）,NY.GDP.MKTP.KD.ZG,脆弱和受衝突影響的情況下,FCS,14.779819681054,1.81956984197826,6.56347553258713,-5.42948508075212,12.2842676497925,3.85517887786071,1.0839632077128,2.20762963854129,5.21189864424663,2.98009593034632,2.34960825452231,..
GDP 增长率（年百分比）,NY.GDP.MKTP.KD.ZG,重债穷国 (HIPC),HPC,-0.52610465066229,2.73584494189507,5.86402237692639,4.52293595339206,5.7158651453225,5.77322759293423,5.56853068345798,4.92154470737884,4.63462025891279,5.16897374919054,4.10331580217355,..
GDP 增长率（年百分比）,NY.GDP.MKTP.KD.ZG,高收入国家,HIC,3.1411195372836,4.0456184155979,2.93518071815552,1.83114471094392,1.29003489242297,1.43603107407874,2.035733491654,2.32351692740312,1.6939283114054,2.26303484938583,2.20145835942691,..
GDP 增长率（年百分比）,NY.GDP.MKTP.KD.ZG,只有IBRD,IBD,2.02224862383189,5.6296404657606,7.31217018846051,5.99836681265586,5.03034730540463,4.96681544751294,4.27422626529173,3.83840307797836,4.26791760789924,4.86139050745189,4.62090396952649,..
GDP 增长率（年百分比）,NY.GDP.MKTP.KD.ZG,IBRD与IDA,IBT,2.16127625288046,5.51486956369824,7.24110003137022,5.90351820904654,5.00722761211294,5.03035555561119,4.36554650267335,3.85992056093288,4.18766016662279,4.81951012206456,4.59913627497453,..
GDP 增长率（年百分比）,NY.GDP.MKTP.KD.ZG,IDA混合,IDB,6.60534974287941,3.73538826249626,6.27541713074335,4.99939744568185,4.54767958964028,5.83120442986402,5.78317530038757,3.87309412704127,1.53252326856284,2.71739305754697,3.52804847781452,..
GDP 增长率（年百分比）,NY.GDP.MKTP.KD.ZG,只有IDA,IDX,1.05067479681895,3.98337573207223,6.1927756976564,4.07856171939545,4.80105926202252,6.08723652649145,5.58068659459703,4.46201139414811,4.66195597217242,5.75816612843596,5.05188246713537,..
GDP 增长率（年百分比）,NY.GDP.MKTP.KD.ZG,IDA總,IDA,4.05404966215421,3.85449577676604,6.23479132400442,4.54690167684274,4.67142767734352,5.95640279656276,5.68403711026045,4.16114523936741,3.06761213856326,4.22581063038558,4.29508114215231,..
GDP 增长率（年百分比）,NY.GDP.MKTP.KD.ZG,後期人口紅利,LTE,0.213950448775762,6.78077239501016,7.61888411875469,6.70000673889587,5.3791743452972,5.21025087795157,4.59179673688534,3.86532065468398,3.7712238392654,4.70940022790083,4.83882883653301,..
GDP 增长率（年百分比）,NY.GDP.MKTP.KD.ZG,拉丁美洲与加勒比海地区,LCN,0.346959861250667,3.79181916994436,5.84983265709349,4.39108221486633,2.78598691284483,2.75998374119834,1.00406026911244,0.0873921114982181,-0.354517170291743,1.656188213951,1.4576739589516,..
GDP 增长率（年百分比）,NY.GDP.MKTP.KD.ZG,拉丁美洲与加勒比海地区（不包括高收入）,LAC,0.314983792515349,3.78314699284428,6.00904575151111,4.40771970750696,2.69739479708835,2.73050173133464,0.971010317169856,-0.0640610830211301,-0.482336544600784,1.73426969923018,1.41425918045942,..
GDP 增长率（年百分比）,NY.GDP.MKTP.KD.ZG,拉丁美洲与加勒比海地区 (IBRD与IDA),TLA,0.48337001038999,3.7790300539625,6.04516522498938,4.52329520702135,2.849989171072,2.82730923438967,1.04520576126991,0.0479124592174429,-0.350490596171994,1.73413956778458,1.56572555451046,..
GDP 增长率（年百分比）,NY.GDP.MKTP.KD.ZG,最不发达国家：联合国分类,LDC,0.413905813095838,4.20196493354663,6.22626552949687,3.79028080488931,4.87039334440351,5.74794123080871,5.45836328308506,4.04727151887232,3.67912797067351,4.84149529517725,4.225377689502,..
GDP 增长率（年百分比）,NY.GDP.MKTP.KD.ZG,中低收入国家,LMY,2.11881612519662,5.56737042216496,7.36232476740628,5.93394049881468,5.09649490014593,5.12874260501096,4.42038447745882,3.88691146529688,4.24181359412543,4.85902297936636,4.60573519685981,..
GDP 增长率（年百分比）,NY.GDP.MKTP.KD.ZG,低收入国家,LIC,0.496149015432607,2.65492806341976,6.93095744673995,3.47837101810849,3.29108983337755,6.12012999612574,5.82880569025963,2.87442585269397,3.07430589473159,4.95784123279401,4.94831990352868,..
GDP 增长率（年百分比）,NY.GDP.MKTP.KD.ZG,中低等收入国家,LMC,3.86008187233078,4.31948196722045,6.84501533920341,4.99249861761353,5.17860437773523,5.64066372936487,5.65615431357296,5.58512871174324,5.56701749889955,5.55764948231226,5.54594860536911,..
GDP 增长率（年百分比）,NY.GDP.MKTP.KD.ZG,中东与北非地区,MEA,13.1178054651632,5.76291908423772,5.04685619543174,3.69417240936025,3.87979182175864,2.68889674338217,2.92114646239445,2.50997564402449,4.82319030071088,1.60430524642059,2.36820853281843,..
GDP 增长率（年百分比）,NY.GDP.MKTP.KD.ZG,中东与北非地区（不包括高收入）,MNA,12.9490452499578,4.44554421824184,5.27163871136086,-0.929361354001458,2.80480700162407,1.6627073415103,2.09288342347691,0.984977951265776,7.50267813808019,3.04290343380032,..,..
GDP 增长率（年百分比）,NY.GDP.MKTP.KD.ZG,中东与北非地区 (IBRD与IDA),TMN,12.9490452499578,4.55516762871393,5.25295889292865,-1.01989682053113,2.77799406413509,1.658286803161,2.11111086180087,0.965836221620364,7.52509911578947,3.04214289063832,..,..
GDP 增长率（年百分比）,NY.GDP.MKTP.KD.ZG,中等收入国家,MIC,2.14211952399435,5.60703958237082,7.36855045460399,5.96923594269374,5.12164221714313,5.1151741276811,4.40092403819131,3.90133726459443,4.25828372558432,4.857672766634,4.60093964821043,..
GDP 增长率（年百分比）,NY.GDP.MKTP.KD.ZG,北美,NAC,1.70849759691708,4.22931386117091,2.61290888794352,1.70417631143123,2.1992154232877,1.88862674727903,2.4930154338023,2.66420558043698,1.52258181175779,2.29058241493749,2.76182883548563,..
GDP 增长率（年百分比）,NY.GDP.MKTP.KD.ZG,未分类国家,INX,..,..,..,..,..,..,..,..,..,..,..,..
GDP 增长率（年百分比）,NY.GDP.MKTP.KD.ZG,经合组织成员,OED,3.07895359602044,4.00474530237094,2.8863858909292,1.78796676500077,1.2712134535757,1.47332223252015,2.05239517695136,2.41949492711832,1.73298022110717,2.42666048130511,2.2102212783317,..
GDP 增长率（年百分比）,NY.GDP.MKTP.KD.ZG,其他小国,OSS,..,..,8.27793100055612,7.65589927201829,3.6599840360395,3.01349990092797,2.91829554373631,2.79341260174752,2.39398481120277,2.17053607248413,2.14341323618797,..
GDP 增长率（年百分比）,NY.GDP.MKTP.KD.ZG,太平洋岛国,PSS,4.16284066359924,-0.635678841796476,2.90044751473953,4.10282051504379,1.75944962362176,2.74523313384987,3.94549921460916,3.67848460255458,3.3508071796135,4.04238395834378,3.57192122674502,..
GDP 增长率（年百分比）,NY.GDP.MKTP.KD.ZG,人口紅利之後,PST,2.83891638087761,3.9373588086774,2.79684827996545,1.56518203597982,1.13223844596277,1.33315568510433,1.88529359308356,2.10942802434681,1.62795091858732,2.26702511234996,2.12211491438003,..
GDP 增长率（年百分比）,NY.GDP.MKTP.KD.ZG,預人口紅利,PRE,9.89127038865647,2.98754437425836,6.30406290036075,4.56702277009664,5.64162490846923,5.96283779788784,4.80065579928208,3.07087705437885,2.74634431892393,1.71313073342152,2.20516102688315,..
GDP 增长率（年百分比）,NY.GDP.MKTP.KD.ZG,小国,SST,..,4.51760155271552,7.02960475493988,6.54577740024016,3.27287903694349,2.74054404642278,2.55231761288532,2.57277191558001,1.77622356145785,1.94392944005233,2.11398424866456,..
GDP 增长率（年百分比）,NY.GDP.MKTP.KD.ZG,南亚,SAS,5.42836904237693,4.06288070274789,7.70266678267187,5.13725334149187,5.50173728109253,6.08731105227758,6.99230192812428,7.48002056896395,7.70780544007212,6.93576819348706,6.77063352702724,..
GDP 增长率（年百分比）,NY.GDP.MKTP.KD.ZG,南亚 (IBRD与IDA),TSA,5.42836904237691,4.06288070274788,7.70266678267187,5.13725334149187,5.50173728109253,6.08731105227756,6.99230192812431,7.48002056896395,7.70780544007215,6.93576819348706,6.77063352702724,..
GDP 增长率（年百分比）,NY.GDP.MKTP.KD.ZG,撒哈拉以南非洲地区,SSF,2.38263287298443,3.50380248969486,5.58408809597037,4.44641239678741,4.00371220707147,5.01946129370931,4.67035953339017,2.81584391594731,1.19162863362692,2.54586476616237,2.41197337469244,..
GDP 增长率（年百分比）,NY.GDP.MKTP.KD.ZG,撒哈拉以南非洲地区（不包括高收入）,SSA,2.37906805982722,3.50582987087056,5.58382596807722,4.44397190005621,4.00572502587735,5.01874781685692,4.67047895627503,2.81431614517803,1.18919477445422,2.54450266453958,2.41103057587746,..
GDP 增长率（年百分比）,NY.GDP.MKTP.KD.ZG,撒哈拉以南非洲地区 (IBRD与IDA),TSS,2.38263287298446,3.50380248969486,5.58408809597042,4.44641239678738,4.00371220707143,5.0194612937093,4.67035953339018,2.8158439159473,1.19162863362692,2.54586476616234,2.41197337469252,..
GDP 增长率（年百分比）,NY.GDP.MKTP.KD.ZG,中高等收入国家,UMC,1.6562504171206,5.97557223606162,7.51676070362049,6.24401795447349,5.10580602533955,4.96898027113812,4.04947808681253,3.41195755797234,3.86991794068872,4.64656135554857,4.30456822629077,..
GDP 增长率（年百分比）,NY.GDP.MKTP.KD.ZG,世界,WLD,2.91246320175344,4.39462666013884,4.27958636573598,3.11388632188054,2.51258721769445,2.65194436277218,2.83994006432333,2.8529393604575,2.56540895781401,3.16540231041313,3.03877529212566,..
GDP 增长率（年百分比）,NY.GDP.MKTP.KD.ZG,阿富汗,AFG,..,..,14.3624414596815,0.426354792856571,12.7522870825788,5.60074466131904,2.72454336495028,1.45131465458005,2.2603142045464,2.66529204636834,1.03066005804328,..
GDP 增长率（年百分比）,NY.GDP.MKTP.KD.ZG,阿尔巴尼亚,ALB,-9.57564016948645,6.95003613422918,3.70688068400311,2.5454053935363,1.41752599216282,1.00198792581364,1.77000029658963,2.23000017922044,3.34999968813095,3.83661965642376,4.00441323438758,..
GDP 增长率（年百分比）,NY.GDP.MKTP.KD.ZG,阿尔及利亚,DZA,0.800000579981415,3.81967849559879,3.63414535334246,2.89186599464848,3.37476865068784,2.76763886677112,3.78912121166823,3.76346695783126,3.29999999975597,1.60000000052275,2.10000000000001,..
GDP 增长率（年百分比）,NY.GDP.MKTP.KD.ZG,美属萨摩亚,ASM,..,..,0.442477876106182,0.293685756240819,-4.39238653001463,-2.75650842266462,0.944881889763778,1.24804992199688,-2.61941448382126,-5.37974683544303,..,..
GDP 增长率（年百分比）,NY.GDP.MKTP.KD.ZG,安道尔共和国,AND,3.7813875896292,3.52836129711109,-5.35882577533336,-4.64654305163337,-1.61521818298665,0.351645001850741,2.27768315306425,0.842203518374134,1.8891243866394,1.72402223678981,1.62934547096762,..
GDP 增长率（年百分比）,NY.GDP.MKTP.KD.ZG,安哥拉,AGO,-3.45009868360484,3.05462423430785,4.85921958436937,3.47198137230222,8.54214733707519,4.95459047755875,4.8226255492722,0.94357561305911,-2.58009724033977,-0.147207426247036,-2.13349325676356,..
GDP 增长率（年百分比）,NY.GDP.MKTP.KD.ZG,安提瓜和巴布达,ATG,3.01164666223812,6.69174238194239,-7.20002446135504,-2.07912704683282,3.50660922205834,-0.103864693282389,4.65812743059392,4.02573680753291,5.5897408043279,3.03260611189997,4.93065090850533,..
GDP 增长率（年百分比）,NY.GDP.MKTP.KD.ZG,阿根廷,ARG,-2.46721377637459,-0.78899893905691,10.1253981561002,6.00395169280579,-1.02642045443208,2.40532378079436,-2.51261532081396,2.73115982828946,-2.08032784377811,2.66859037935303,-2.51458960248539,..
GDP 增长率（年百分比）,NY.GDP.MKTP.KD.ZG,亚美尼亚,ARM,..,5.90000000103537,2.19999999752649,4.69999999879775,7.20000000365837,3.3,3.60000000058993,3.19999999896625,0.199999999825991,7.5000000006513,5.2,..
GDP 增长率（年百分比）,NY.GDP.MKTP.KD.ZG,阿鲁巴,ABW,3.96140172676485,7.6165897041888,-3.68502958088573,3.44605475040258,-1.36986301369863,4.19823232323233,0.848227809754619,-0.450585761489947,-0.211225105612556,1.33051103719384,..,..
GDP 增长率（年百分比）,NY.GDP.MKTP.KD.ZG,澳大利亚,AUS,3.56894443347744,3.93310233186104,2.06752009293855,2.46272464735648,3.90090002283101,2.61572247679898,2.56870704342289,2.33607548109676,2.84675495108566,2.34258228676258,2.83494813296824,..
GDP 增长率（年百分比）,NY.GDP.MKTP.KD.ZG,奥地利,AUT,4.34564156052724,3.37572197324998,1.83709459152502,2.92279763636382,0.68044437424868,0.0255041006158336,0.661274652949004,1.14298010071532,2.03957498344849,2.55088075977935,2.72908309897117,..
GDP 增长率（年百分比）,NY.GDP.MKTP.KD.ZG,阿塞拜疆,AZE,..,11.0999992535407,4.7888327097976,-1.57299762108386,2.20293902267818,5.84267326989973,2.79728938165775,1.05075098242399,-3.06420003538679,-0.282011196847733,1.41287352692132,..
GDP 增长率（年百分比）,NY.GDP.MKTP.KD.ZG,巴哈马,BHS,-1.5962490864956,4.14924301720671,1.53877740677106,0.6128974521461,3.0866868599452,-0.410428618068195,-0.147988573034226,1.04495952423387,-1.68954985564559,1.43719133908084,..,..
GDP 增长率（年百分比）,NY.GDP.MKTP.KD.ZG,巴林,BHR,4.43799717642636,5.29999479407712,4.33440708785902,1.98382325562152,3.73225152129817,5.41650371529137,4.34984232980895,2.86196782508222,3.47092370171953,3.80352226237173,1.77769375269004,..
GDP 增长率（年百分比）,NY.GDP.MKTP.KD.ZG,孟加拉国,BGD,5.62225816160702,5.2932947184604,5.57180227396866,6.46438388047517,6.52143507837333,6.01361036536019,6.06105935903958,6.55265279631962,7.1134894741232,7.28418409195113,7.86370889257542,..
GDP 增长率（年百分比）,NY.GDP.MKTP.KD.ZG,巴巴多斯,BRB,-3.29996700033,4.45305951383068,0.26544622425628,0.657294139127245,0.281153636858349,0.00904404449670437,0.018086453246525,0.904159132007237,2.00716845878137,1,..,..
GDP 增长率（年百分比）,NY.GDP.MKTP.KD.ZG,白俄罗斯,BLR,..,5.80000344007456,7.79826682269731,5.37870744981015,1.68713553642841,1.00347084085645,1.72638485417005,-3.82957055828382,-2.52644643552361,2.53218350023035,3.04990554989585,..
GDP 增长率（年百分比）,NY.GDP.MKTP.KD.ZG,比利时,BEL,3.13740245214575,3.63363580186243,2.74423108261561,1.79830621979427,0.234778700910667,0.200661827638712,1.25467698401434,1.73958044796446,1.45255222408282,1.73438965580127,1.43783467602618,..
GDP 增长率（年百分比）,NY.GDP.MKTP.KD.ZG,伯利兹,BLZ,11.4433887289319,13.0195773748259,3.38347170641828,2.16260682157193,2.93781262796161,0.851934627513558,3.6923714654517,3.43195048353593,-0.588023649731511,1.43728894631943,3.04964379717087,..
GDP 增长率（年百分比）,NY.GDP.MKTP.KD.ZG,贝宁,BEN,8.97613436064626,5.85999210110583,2.11019929660023,2.96275035081007,4.81647824066904,7.18971631205676,6.35183194111322,2.0958083832335,3.96485991037314,5.83782330470896,6.85800227090556,..
GDP 增长率（年百分比）,NY.GDP.MKTP.KD.ZG,百慕大,BMU,0.0192122958719381,9.31715557653585,-2.09411353414293,-3.33949441020565,-4.8345401709793,-2.51115443098975,..,..,..,..,..,..
GDP 增长率（年百分比）,NY.GDP.MKTP.KD.ZG,不丹,BTN,10.8764346909591,6.93302423977509,11.7308543603364,7.89091389329108,5.07170981496216,2.14249655359879,5.74545516756977,6.64456425820161,8.02210122067797,4.62910139072935,2.29064819273836,..
GDP 增长率（年百分比）,NY.GDP.MKTP.KD.ZG,玻利维亚,BOL,4.6357859096007,2.50780755336397,4.12671936920815,5.20409594656597,5.12227466098376,6.79601170559745,5.46056715368503,4.85718801458208,4.2639195041269,4.19520936722277,4.22362493214148,..
GDP 增长率（年百分比）,NY.GDP.MKTP.KD.ZG,波斯尼亚和黑塞哥维那,BIH,..,5.50000043583101,0.872151022572723,0.958953087750629,-0.821729266233604,2.35103401437631,1.14803801103687,3.08822376132143,3.14565809237735,3.16355948711239,3.06613484784417,..
GDP 增长率（年百分比）,NY.GDP.MKTP.KD.ZG,博茨瓦纳,BWA,6.77282194932553,1.98769585438754,8.56363174773267,6.04831636706808,4.45616721309787,11.3434242527752,4.1492898931352,-1.69796561588223,4.30377335257066,2.90753491024356,4.45355960085716,..
GDP 增长率（年百分比）,NY.GDP.MKTP.KD.ZG,巴西,BRA,-3.10235594875007,4.38794944267383,7.52822583005563,3.97442307944702,1.92117598576537,3.00482266944432,0.503955740242247,-3.54576339269425,-3.30545431266852,1.06386125924512,1.11757918028799,..
GDP 增长率（年百分比）,NY.GDP.MKTP.KD.ZG,英屬維爾京群島,VGB,..,..,..,..,..,..,..,..,..,..,..,..
GDP 增长率（年百分比）,NY.GDP.MKTP.KD.ZG,文莱达鲁萨兰国,BRN,1.08942053548755,2.84942185782728,2.59896574643226,3.74531835205994,0.912841670964411,-2.12602851740175,-2.349746749517,-0.566814608844453,-2.4655149233665,1.32875142237043,0.0523466726926927,..
GDP 增长率（年百分比）,NY.GDP.MKTP.KD.ZG,保加利亚,BGR,-9.11737709653305,4.76577106392688,1.32408780093829,1.91490585291416,0.0309698686798754,0.493921421234305,1.8375211479416,3.47118604090714,3.9367581489791,3.81124815844305,3.08115723374425,..
GDP 增长率（年百分比）,NY.GDP.MKTP.KD.ZG,布基纳法索,BFA,-0.60292848001005,1.82024189276156,5.37337312603061,6.62686519230525,6.45269875497425,5.79258931687122,4.32683735691617,3.89454805671508,5.93413510489553,6.30209605892456,6.5098030396815,..
GDP 增长率（年百分比）,NY.GDP.MKTP.KD.ZG,布隆迪,BDI,3.49982214003701,-0.856864058424151,5.12416330338039,4.03260249625296,4.44670822214543,4.9241952612883,4.24065164368079,-3.9000030859375,-0.600020000546493,0.500009998779461,1.59997661445593,..
GDP 增长率（年百分比）,NY.GDP.MKTP.KD.ZG,佛得角,CPV,0.692171874341184,14.2848688321225,1.46679009706938,3.96888634471986,1.08191827877127,0.802797600574223,0.611212666207877,1.00686370684559,4.70579150927118,4.01325724418756,5.52056447484614,..
GDP 增长率（年百分比）,NY.GDP.MKTP.KD.ZG,柬埔寨,KHM,..,10.7119948019697,5.96307857538696,7.0695699458918,7.31334550530008,7.35666514887974,7.14257110074294,7.03608717929632,7.03096677590116,7.01503010998164,7.52044442610649,..
GDP 增长率（年百分比）,NY.GDP.MKTP.KD.ZG,喀麦隆,CMR,-6.10569764608267,3.55337436416127,3.4225076411544,4.12927716056967,4.54326501566736,5.40426570971735,5.88405932668046,5.6514637436283,4.64848155096477,3.54908731821561,3.85989699559069,..
GDP 增长率（年百分比）,NY.GDP.MKTP.KD.ZG,加拿大,CAN,0.16352306970289,5.17876294444093,3.08949463821517,3.14688136494657,1.7622782464354,2.33017476954971,2.86845396944616,0.689906521218902,1.10709938326161,2.97856596293016,1.87856366177211,..
GDP 增长率（年百分比）,NY.GDP.MKTP.KD.ZG,开曼群岛,CYM,..,0.999997811389036,-2.71563682344265,1.16906269526342,1.22975368307725,1.27933059281749,2.65452932151373,2.83312242670047,3.09628240719829,3.03934746728503,..,..
GDP 增长率（年百分比）,NY.GDP.MKTP.KD.ZG,中非共和国,CAF,-2.14752806574087,-2.48943244028874,4.63081843223307,4.19461533741989,5.05376125356918,-36.0374260757551,0.117267102913047,4.5628084403442,5.00628582386908,4.45728316184176,4.34060998344907,..
GDP 增长率（年百分比）,NY.GDP.MKTP.KD.ZG,乍得,TCD,-4.17847237277677,-0.879681025444839,13.550100859549,0.0828697984381677,8.88257607170316,5.70000136285864,6.89998504532167,2.7676756848447,-6.25552708545281,-2.98869598553931,2.6413300339928,..
GDP 增长率（年百分比）,NY.GDP.MKTP.KD.ZG,海峡群岛,CHI,..,5.82664146877514,..,..,..,..,..,..,..,..,..,..
GDP 增长率（年百分比）,NY.GDP.MKTP.KD.ZG,智利,CHL,3.33356547272084,5.32693841912362,5.84417729578996,6.11091882913644,5.31862800041417,4.04500429817161,1.76673978360202,2.30376703614562,1.67054017325985,1.27918334145851,4.02465296526672,..
GDP 增长率（年百分比）,NY.GDP.MKTP.KD.ZG,中国,CHN,3.90711389605592,8.49150849150864,10.6361404632299,9.55091409001014,7.8596274932851,7.76861528412806,7.29951892117124,6.90531667019702,6.73667525262536,6.75700761091511,6.60000000000001,..
GDP 增长率（年百分比）,NY.GDP.MKTP.KD.ZG,哥伦比亚,COL,4.28199833207572,2.92486148314592,4.34755326848266,7.36253091447171,3.90305421927597,4.56686977279675,4.72831224597601,2.95594590662741,2.08738250162794,1.35132667631581,2.65812100000001,..
GDP 增长率（年百分比）,NY.GDP.MKTP.KD.ZG,科摩罗,COM,5.09123641339696,10.847878616072,3.79993345468068,4.09984695496956,3.2002729031888,4.49987421530828,2.10000643830286,1.09996463224388,2.1881974557357,2.70765882914921,2.79999999999998,..
GDP 增长率（年百分比）,NY.GDP.MKTP.KD.ZG,刚果（金）,COD,-6.56831069464246,-6.91092731652098,7.10797657621967,6.87467088970635,7.08689894672231,8.48195663552301,9.47028809759604,6.91618781038352,2.39937909800997,3.72694765326061,5.75793273800032,..
GDP 增长率（年百分比）,NY.GDP.MKTP.KD.ZG,刚果（布）,COG,1.00000356694369,7.57598039215684,8.75160145933471,3.42066568060184,3.79997131252208,3.4407052491938,6.77991615766737,2.64648587686472,-2.80001878768313,-3.10000000000001,1.02555420747001,..
GDP 增长率（年百分比）,NY.GDP.MKTP.KD.ZG,哥斯达黎加,CRI,3.55306336479583,3.83316666149418,4.95186384413803,4.30710165986632,4.79691991819773,2.2690274007773,3.51533856385215,3.63173144148803,4.24598987825375,3.3971817012296,2.66404984384756,..
GDP 增长率（年百分比）,NY.GDP.MKTP.KD.ZG,科特迪瓦,CIV,-1.09590841115427,-2.06840005678232,2.01763859205302,-4.38725478828525,10.7065041030832,8.88942130172924,8.79407739034323,8.84285994957199,7.97175118624882,7.70208942212352,7.43307162464457,..
GDP 增长率（年百分比）,NY.GDP.MKTP.KD.ZG,克罗地亚,HRV,..,3.77260555708246,-1.4729162961615,-0.340190377704701,-2.30064285837889,-0.491748791173023,-0.087513347134788,2.40059187897236,3.53612955655616,2.92136337409232,2.62982608916515,..
GDP 增长率（年百分比）,NY.GDP.MKTP.KD.ZG,古巴,CUB,-2.94856494522189,5.9147601740486,2.39035229650723,2.80230083647626,3.01490028898772,2.74760256257211,1.04757663187654,4.43814195922121,0.513761467889907,1.78349762687111,..,..
GDP 增长率（年百分比）,NY.GDP.MKTP.KD.ZG,库拉索,CUW,..,..,0.0823052183296795,0.612609896110897,-0.138918185253203,-0.79410697934297,-1.13883792915853,0.278695606616793,-0.98657059813128,-1.73976478403257,..,..
GDP 增长率（年百分比）,NY.GDP.MKTP.KD.ZG,塞浦路斯,CYP,7.40399950603849,5.96531774387263,1.33540349841795,0.403429931640773,-2.87809955633817,-5.79930466368432,-1.31146542300257,1.9623040096572,4.81218762402544,4.46887904445133,3.87598486671344,..
GDP 增长率（年百分比）,NY.GDP.MKTP.KD.ZG,捷克共和国,CZE,..,4.26674135714225,2.27342005165725,1.77783318662328,-0.799844281176618,-0.483671040702603,2.71511613157801,5.30923851909814,2.45054238739621,4.35260351822929,2.95778447327679,..
GDP 增长率（年百分比）,NY.GDP.MKTP.KD.ZG,丹麦,DNK,1.47524426112957,3.7468626151995,1.87099111020392,1.33677777743229,0.226499797192986,0.93334095714377,1.61939381227008,2.34259043214833,2.3996720926861,2.26236900792341,1.48965908418744,..
GDP 增长率（年百分比）,NY.GDP.MKTP.KD.ZG,吉布提,DJI,..,..,..,..,..,..,8.92058462492513,9.68379811648174,8.72226006105292,4.09026362770027,5.95536790031441,..
GDP 增长率（年百分比）,NY.GDP.MKTP.KD.ZG,多米尼克,DMA,5.41865187107055,2.33950740701536,0.672543297656986,-0.223681461951699,-1.05878293792446,-0.607692270036239,4.38889610196991,-2.55050301979611,2.52205087356081,-9.53040952427523,0.532740631610153,..
GDP 增长率（年百分比）,NY.GDP.MKTP.KD.ZG,多米尼加共和国,DOM,-5.45431239470214,4.6617622800146,8.33965105962218,3.13342300326755,2.71736789670562,4.87520509332271,7.63603182423664,7.03337106918114,6.61220822292972,4.55181513818401,6.95074308631736,..
GDP 增长率（年百分比）,NY.GDP.MKTP.KD.ZG,厄瓜多尔,ECU,3.6799140527842,1.09179888475457,3.52529866894027,7.86814091910996,5.641962066712,4.94651126690626,3.78886854920833,0.0988726083462836,-1.22638398463877,2.36838652633651,1.37712702988119,..
GDP 增长率（年百分比）,NY.GDP.MKTP.KD.ZG,阿拉伯埃及共和国,EGY,5.66702915073417,6.37000383315308,5.14723485755344,1.76457194899807,2.22619979863512,2.18546605362178,2.91591187985725,4.37201907790137,4.3466434555546,4.18122099994775,5.31412103746398,..
GDP 增长率（年百分比）,NY.GDP.MKTP.KD.ZG,萨尔瓦多,SLV,4.8315603853172,1.126057050299,2.5457559611846,3.81525788753869,2.8144874318595,2.23563783909665,1.7112697645963,2.39502935805318,2.50745853177364,2.30793850388811,2.53763190900662,..
GDP 增长率（年百分比）,NY.GDP.MKTP.KD.ZG,赤道几内亚,GNQ,-1.75856408404934,18.2137799569674,-8.92417588851806,6.52392362989873,8.31287184445641,-4.13319850131583,0.415066301596866,-9.11004114881537,-8.81641723219757,-4.68568386750484,-2.94973018881664,..
GDP 增长率（年百分比）,NY.GDP.MKTP.KD.ZG,厄立特里亚,ERI,..,-3.14198577404406,2.19419054483319,8.67979993646826,..,..,..,..,..,..,..,..
GDP 增长率（年百分比）,NY.GDP.MKTP.KD.ZG,爱沙尼亚,EST,..,10.5680749511053,2.25907589383118,7.5973002092456,4.30725898765326,1.93654344434879,2.8885638447165,1.90028658970603,3.48909711147971,4.85668685644394,3.86575358097339,..
GDP 增长率（年百分比）,NY.GDP.MKTP.KD.ZG,斯威士兰,SWZ,21.0180005361395,1.76017376022224,3.79375496828149,2.247229761068,4.71792061123591,6.42104380697586,1.93101002705092,0.391128860553607,3.22247241618905,1.87305434188787,0.624044070312181,..
GDP 增长率（年百分比）,NY.GDP.MKTP.KD.ZG,埃塞俄比亚,ETH,2.72645178301019,6.07321747957957,12.5505383459308,11.1782962271642,8.64781163337416,10.5822700482672,10.2574929610051,10.3924630202334,9.43348265784402,9.5038585710959,6.81016939097316,..
GDP 增长率（年百分比）,NY.GDP.MKTP.KD.ZG,法罗群岛,FRO,..,..,..,..,..,..,..,..,..,..,..,..
GDP 增长率（年百分比）,NY.GDP.MKTP.KD.ZG,斐济,FJI,5.80000271926605,-1.69999854029385,2.95467207375195,2.7051429713903,1.41131366068838,4.73422041499947,5.60351451718321,4.66380783801587,2.64528958386489,5.17974352639772,4.99999999999963,..
GDP 增长率（年百分比）,NY.GDP.MKTP.KD.ZG,芬兰,FIN,0.675783493968225,5.63484745219101,2.99233750220186,2.57081774452163,-1.42618935959564,-0.758036294820087,-0.631728090593853,0.500662010259816,2.7719255201694,3.04332482198832,1.65753369462296,..
GDP 增长率（年百分比）,NY.GDP.MKTP.KD.ZG,法国,FRA,2.92393513681762,3.92366920574179,1.94943763160794,2.19270065138433,0.313134744426151,0.576326679224579,0.956183042120372,1.11291234211977,1.09546439403398,2.2602027222695,1.72488062812486,..
GDP 增长率（年百分比）,NY.GDP.MKTP.KD.ZG,法属波利尼西亚,PYF,2.20000012757878,4.0000003434361,..,..,..,..,..,..,..,..,..,..
GDP 增长率（年百分比）,NY.GDP.MKTP.KD.ZG,加蓬,GAB,5.19223727652398,-1.88296639760897,7.08988731455126,7.09175334258654,5.25107691750407,5.63869900338693,4.31496444107471,3.8788993950789,2.09144220829562,0.479762270647498,1.22110357753027,..
GDP 增长率（年百分比）,NY.GDP.MKTP.KD.ZG,冈比亚,GMB,3.55887936867576,5.50000003313032,6.52629733804085,-4.2951217683525,5.59976132327449,4.7889218906391,-0.94023552932785,5.86824752625856,0.40559658862658,4.55773190885563,6.59999512038003,..
GDP 增长率（年百分比）,NY.GDP.MKTP.KD.ZG,格鲁吉亚,GEO,-14.7882259000602,1.83834176781448,6.24948778888705,7.22160890504406,6.3507978400543,3.38677083597563,4.62361326359952,2.88052654618222,2.8466032990662,4.83268629095114,4.71737338003256,..
GDP 增长率（年百分比）,NY.GDP.MKTP.KD.ZG,德国,DEU,5.25500608609781,2.96204536784524,4.07993330487069,3.66000015503516,0.491992829138056,0.489584482494635,2.17806656078447,1.73896761850342,2.2422350985948,2.15710947029994,1.4253034667189,..
GDP 增长率（年百分比）,NY.GDP.MKTP.KD.ZG,加纳,GHA,3.3288178832203,3.70000003991538,7.89971188935303,14.047123630319,9.29278940459687,7.31252500733115,2.89743883021139,2.17820680001356,3.44779297388334,8.14344649746531,6.26348077175622,..
GDP 增长率（年百分比）,NY.GDP.MKTP.KD.ZG,直布罗陀,GIB,..,..,..,..,..,..,..,..,..,..,..,..
GDP 增长率（年百分比）,NY.GDP.MKTP.KD.ZG,希腊,GRC,0,3.91977077200825,-5.4790371077553,-9.13249415322949,-7.30049393532073,-3.24142502506591,0.739777123496509,-0.437833917631266,-0.19095227668727,1.50509930751895,1.93437082147373,..
GDP 增长率（年百分比）,NY.GDP.MKTP.KD.ZG,格陵兰,GRL,-11.7195329842899,7.10159688181619,1.73582505889665,-0.496519391959083,1.39419335955624,-1.29828069335511,4.70646979099794,-2.52949832411367,5.95561768303337,0.987493073695873,..,..
GDP 增长率（年百分比）,NY.GDP.MKTP.KD.ZG,格林纳达,GRD,4.01261190237577,4.88795213650562,-0.511262754149129,0.764976824032317,-1.15514373468322,2.35141877347161,7.34407652185287,6.44314373327768,3.73561413158529,5.05921615957674,4.82698393466603,..
GDP 增长率（年百分比）,NY.GDP.MKTP.KD.ZG,关岛,GUM,..,..,2.0916126333403,0.122925629993858,2.02578268876611,1.82511030886484,1.73330707110497,0.561471442400773,0.250288794763193,0.192049164586123,..,..
GDP 增长率（年百分比）,NY.GDP.MKTP.KD.ZG,危地马拉,GTM,3.10256318046595,3.60886874513247,2.86948775555717,4.16204894002361,2.96985740113649,3.69758560131321,4.17416913658175,4.14004435825474,3.09248255769093,2.76033848366622,3.14500045766512,..
GDP 增长率（年百分比）,NY.GDP.MKTP.KD.ZG,几内亚,GIN,4.32406275371827,2.50306056145635,4.82071541392241,5.61210427912495,5.91691173154778,3.93478402501792,3.7074516130114,3.81494988965694,10.8288068402291,13.3601054667296,8.65939320585427,..
GDP 增长率（年百分比）,NY.GDP.MKTP.KD.ZG,几内亚比绍共和国,GNB,6.09999998640174,5.42698736686771,4.61097090010318,8.08477973398718,-1.71268301181073,3.25590426517692,0.96456075098132,6.13408294113292,6.26280563780463,5.9191766258605,3.79999999834297,..
GDP 增长率（年百分比）,NY.GDP.MKTP.KD.ZG,圭亚那,GUY,-3.06748466257669,-1.36380390711416,4.13844312103164,5.19629812869242,5.27630614305671,5.00056499105213,3.84692391244501,3.16240778720626,3.31613165474852,2.08017739394283,3.44265406311395,..
GDP 增长率（年百分比）,NY.GDP.MKTP.KD.ZG,海地,HTI,1.03812280103124,0.870059256805945,-5.49779243532787,5.52373814577498,2.88509537768327,4.23405320591242,2.81014823784587,1.21121875159815,1.45270665825504,1.17327950545629,1.48388303510178,..
GDP 增长率（年百分比）,NY.GDP.MKTP.KD.ZG,洪都拉斯,HND,2.79174894892149,7.29128815869618,3.73114034433009,3.83569066207508,4.12868774866939,2.79155975746801,3.0580805621437,3.84007997093951,3.89297219726413,4.78802694524671,3.74558474629505,..
GDP 增长率（年百分比）,NY.GDP.MKTP.KD.ZG,中国香港特别行政区,HKG,3.83059827340216,7.66348594940034,6.76768541390523,4.81467724176471,1.70027739772063,3.10151622363742,2.76239445216129,2.38780805294535,2.176392352043,3.83840630654977,3.02140152972467,..
GDP 增长率（年百分比）,NY.GDP.MKTP.KD.ZG,匈牙利,HUN,..,4.20917993135265,0.65529336957259,1.65765742187791,-1.63140333682364,2.09364216402103,4.22465375476067,3.53642547600026,2.28079775023321,4.13706393670374,4.94041868527559,..
GDP 增长率（年百分比）,NY.GDP.MKTP.KD.ZG,冰岛,ISL,1.16937033279427,4.89159350570363,-3.4358780790073,1.88161948432872,1.29643609531233,4.13385110009837,2.08028719850364,4.46786050817248,7.35147530184462,4.60378137949624,4.61147602886756,..
GDP 增长率（年百分比）,NY.GDP.MKTP.KD.ZG,印度,IND,5.53345456306442,3.84099115674177,8.49758687599316,5.24131422481111,5.45638755166588,6.38610640094825,7.41022760508852,7.99625378571471,8.16952650547138,7.16788886086535,6.98233355585374,..
GDP 增长率（年百分比）,NY.GDP.MKTP.KD.ZG,印度尼西亚,IDN,7.24213163856462,4.9200677470169,6.22385418062366,6.1697842077098,6.03005065305615,5.55726368891037,5.00666842575535,4.87632230022051,5.03306918280238,5.06740636558547,5.17127032830882,..
GDP 增长率（年百分比）,NY.GDP.MKTP.KD.ZG,伊朗伊斯兰共和国,IRN,13.8337800132853,5.85806659996007,5.79793830169417,2.64571791806476,-7.4445570297602,-0.194073471015827,4.60341887988824,-1.32064511973337,13.3962444619863,3.75518736694957,..,..
GDP 增长率（年百分比）,NY.GDP.MKTP.KD.ZG,伊拉克,IRQ,57.8178290288542,1.40647473483672,6.40256484471192,7.546471200426,13.9364301737537,7.60000000000001,0.699999999994745,2.47766461711252,13.5722188353836,-1.6712871559571,0.632455398016305,..
GDP 增长率（年百分比）,NY.GDP.MKTP.KD.ZG,爱尔兰,IRL,8.46652797902536,9.44575062392686,1.80997976855282,0.343440832538349,0.225714814318877,1.35163398769838,8.55668798449921,25.1625330914968,3.67781579353812,8.14529613547501,8.1698709708408,..
GDP 增长率（年百分比）,NY.GDP.MKTP.KD.ZG,马恩岛,IMN,4.18697681556888,5.33836223919168,3.40000000000002,2,3.20000000000005,4.50000000000014,4.99999999999989,-0.899999999999963,7.40000000000001,..,..,..
GDP 增长率（年百分比）,NY.GDP.MKTP.KD.ZG,以色列,ISR,7.31519916554592,7.71942885368134,5.50756015225488,4.96820704281595,2.11619351702845,4.14457522766341,3.89789590938017,2.56735213530706,4.00788872389455,3.44461203002118,3.30883147025702,..
GDP 增长率（年百分比）,NY.GDP.MKTP.KD.ZG,意大利,ITA,1.98577490336878,3.71010658689261,1.68652340308921,0.576623022104201,-2.81901377925493,-1.72816080249231,0.113673237878274,0.923992487509764,1.11890061799522,1.68418260951518,0.858260215893509,..
GDP 增长率（年百分比）,NY.GDP.MKTP.KD.ZG,牙买加,JAM,4.2005351147029,0.87870354796236,-1.45784841518038,1.72576401073788,-0.614918541099811,0.503817450382684,0.688117552821055,0.904845989688582,1.38065838326224,0.978556222849122,1.85626889162546,..
GDP 增长率（年百分比）,NY.GDP.MKTP.KD.ZG,日本,JPN,4.89271306574963,2.7796328252636,4.1917392586067,-0.115421339715752,1.49508958593792,2.00026784110196,0.374719476337631,1.2229210410667,0.609093181240581,1.92875725128059,0.787965413355508,..
GDP 增长率（年百分比）,NY.GDP.MKTP.KD.ZG,约旦,JOR,0.973756490238898,4.24524741941383,2.3113924735689,2.58678433077786,2.65117055537524,2.82876680398884,3.09633027522955,2.39169597043328,2.00373364209898,2.1157328887228,1.94029220505026,..
GDP 增长率（年百分比）,NY.GDP.MKTP.KD.ZG,哈萨克斯坦,KAZ,..,9.80000000214159,7.29999999999953,7.40000000000069,4.79999999999939,6.0000000000007,4.19999999999938,1.20000000000067,1.09999999999941,4.10000000000042,4.09999999999972,..
GDP 增长率（年百分比）,NY.GDP.MKTP.KD.ZG,肯尼亚,KEN,4.19205097421585,0.599695391613636,8.40569922421719,6.1082637197965,4.5632091307112,5.87868056675418,5.3571256433749,5.71850713375994,5.87894929918309,4.86253822126818,6.31978136452209,..
GDP 增长率（年百分比）,NY.GDP.MKTP.KD.ZG,基里巴斯,KIR,-0.869565217391298,6.25,-0.923884656867074,1.59456110202041,4.71331913631832,4.21477391203615,-0.697828087271759,10.4054079265676,5.12975052525447,0.328439777111029,2.00103603146545,..
GDP 增长率（年百分比）,NY.GDP.MKTP.KD.ZG,朝鲜民主主义人民共和国,PRK,..,..,..,..,..,..,..,..,..,..,..,..
GDP 增长率（年百分比）,NY.GDP.MKTP.KD.ZG,大韩民国,KOR,9.81122968350864,8.92442603420267,6.49679358555511,3.68168856910729,2.29239784625679,2.89620493507104,3.34144776129996,2.79023616714657,2.9293047947001,3.06276846243263,2.66831140171185,..
GDP 增长率（年百分比）,NY.GDP.MKTP.KD.ZG,科索沃,XKX,..,..,3.30957483925633,4.81256332320163,2.89534856958733,3.4312300087235,1.19807097597369,4.09445453574099,4.05657859621029,4.22790853670567,4.14537194775694,..
GDP 增长率（年百分比）,NY.GDP.MKTP.KD.ZG,科威特,KWT,..,4.69458198753053,-2.36706194393776,9.62843608199742,6.62638808077409,1.14903884697843,0.500876982158658,0.593019617221231,2.92612113180444,-3.48154918987453,1.24005549827521,..
GDP 增长率（年百分比）,NY.GDP.MKTP.KD.ZG,吉尔吉斯斯坦,KGZ,5.70279663523441,5.42667384921542,-0.471566847508598,5.95627437653896,-0.199999999999974,10.9,3.99999999999996,3.90000000000006,4.29999999999986,4.70000000000006,3.50000000000006,..
GDP 增长率（年百分比）,NY.GDP.MKTP.KD.ZG,老挝,LAO,6.70457868738686,5.79878232615873,8.52690551722873,8.03865268080929,8.02609843404085,8.02630022637751,7.61196344074382,7.26959177501747,7.02309187410415,6.85143125934344,6.50086840737087,..
GDP 增长率（年百分比）,NY.GDP.MKTP.KD.ZG,拉脱维亚,LVA,..,5.40685848447123,-3.94067030557116,6.38102125886553,4.03462837497035,2.42985120848557,1.85824365165655,2.97170383161259,2.06438129607109,4.63647962142689,4.76971668163448,..
GDP 增长率（年百分比）,NY.GDP.MKTP.KD.ZG,黎巴嫩,LBN,26.533160093229,1.34187161939805,8.0372493541868,0.917698798466859,2.72015156573167,2.61916087876214,1.88428566230098,0.415030764688112,1.60552459997925,0.551994777421314,0.199990636430059,..
GDP 增长率（年百分比）,NY.GDP.MKTP.KD.ZG,莱索托,LSO,6.04547332985949,3.8755468142558,6.07203831611325,6.90133439056955,5.99807178165932,1.84376429938331,3.12171157408265,2.76665968689002,3.17898642686478,-2.28629910692287,1.47332698754288,..
GDP 增长率（年百分比）,NY.GDP.MKTP.KD.ZG,利比里亚,LBR,..,..,6.09982760205581,8.2007658404608,7.99381569313657,8.70402806598014,0.701143911750762,0,-1.59958407502003,2.46862609505123,1.22255131299607,..
GDP 增长率（年百分比）,NY.GDP.MKTP.KD.ZG,利比亚,LBY,..,3.67921329264158,5.02128973900766,-62.0759195849001,123.139555198582,-13.5999999741829,-24.000000034478,-8.8620393625491,-2.79546888990185,26.6758701163536,7.83824218716293,..
GDP 增长率（年百分比）,NY.GDP.MKTP.KD.ZG,列支敦士登,LIE,2.25287097057456,3.22019099847837,..,..,..,..,..,..,..,..,..,..
GDP 增长率（年百分比）,NY.GDP.MKTP.KD.ZG,立陶宛,LTU,..,3.83166714045696,1.63981964913999,6.04313071521365,3.82695401007858,3.49858086982306,3.53758582436556,2.02062799496009,2.3531813074454,4.13994847283978,3.49368880814318,..
GDP 增长率（年百分比）,NY.GDP.MKTP.KD.ZG,卢森堡,LUX,5.31993218169593,8.2397991119304,4.86496856032889,2.53923483936856,-0.352519360092558,3.65437038505787,4.29678642481963,3.91596276667379,2.41143078605366,1.54566060969455,2.60267394560714,..
GDP 增长率（年百分比）,NY.GDP.MKTP.KD.ZG,中国澳门特别行政区,MAC,7.97934515934284,5.74711532886218,25.2638807141456,21.6724356665152,9.23739962566393,11.2000678763425,-1.20108600047053,-21.5944876822351,-0.858021516202811,9.70399275850269,4.70820262679268,..
GDP 增长率（年百分比）,NY.GDP.MKTP.KD.ZG,马达加斯加,MDG,3.13002942786873,4.76006509891198,0.263110855703317,1.45439216770913,3.02750809231563,2.25520404025168,3.31585416456267,3.11661471423099,4.17999023566718,4.30687977972366,5.18771873764004,..
GDP 增长率（年百分比）,NY.GDP.MKTP.KD.ZG,马拉维,MWI,5.6922944937575,1.5760778373467,6.87406563500952,4.85405510898322,1.88579950731867,5.19999999835549,5.70000000377209,2.79999999900333,2.48404062641868,4.00003051653042,3.49999999999999,..
GDP 增长率（年百分比）,NY.GDP.MKTP.KD.ZG,马来西亚,MYS,9.00852713975688,8.85886817695642,7.42484738592763,5.2939128402282,5.47345419229524,4.6937225201998,6.00672194999372,5.09151572079188,4.22341019438007,5.89700929269976,4.72363366654488,..
GDP 增长率（年百分比）,NY.GDP.MKTP.KD.ZG,马尔代夫,MDV,..,3.84581039203469,7.26512906840138,8.56673353050461,2.51738394219683,7.28107397899866,7.32960638587076,2.88456752643582,7.28918633003957,6.91169446497798,6.05323536780354,..
GDP 增长率（年百分比）,NY.GDP.MKTP.KD.ZG,马里,MLI,-2.50239510347758,-0.0608349718131365,5.41345222224766,3.24025291319951,-0.836178865643376,2.30358480929436,7.04335620365953,5.96258159051517,5.79999999505212,5.40000010323682,4.89999574546111,..
GDP 增长率（年百分比）,NY.GDP.MKTP.KD.ZG,马耳他,MLT,6.29139095831171,6.77019391099778,3.54268321383185,1.33706698913296,2.68297041565376,4.54000506297962,8.53247004456111,10.6610613756818,5.7046301280572,6.70551040742215,6.55273167887003,..
GDP 增长率（年百分比）,NY.GDP.MKTP.KD.ZG,马绍尔群岛,MHL,2.67624646362781,5.89069431160706,6.45363768538634,1.20652077369282,3.45786676333924,2.86007921644884,-0.756942818844394,-0.364546611531892,1.91049498750886,3.59997104158995,2.49999999999999,..
GDP 增长率（年百分比）,NY.GDP.MKTP.KD.ZG,毛里塔尼亚,MRT,-1.7713045336383,-0.430406256338173,4.77369717489576,4.70406653145888,5.79507817187705,6.09025873236142,5.57954385588333,1.3999999969575,2.00000000023441,3.0294801603543,3.60000000579959,..
GDP 增长率（年百分比）,NY.GDP.MKTP.KD.ZG,毛里求斯,MUS,7.18673677131321,8.20279180352924,4.37720322681258,4.07753807617581,3.49611835979293,3.36040609817579,3.74457577745544,3.5530717035885,3.83793265409193,3.81415210844426,3.7738189089938,..
GDP 增长率（年百分比）,NY.GDP.MKTP.KD.ZG,墨西哥,MEX,5.17576838619527,4.94245371467422,5.11811814321162,3.66300792950094,3.64232267941347,1.35409196151679,2.80434012838097,3.28799159933094,2.92161516530298,2.06971518465136,1.99420681652698,..
GDP 增长率（年百分比）,NY.GDP.MKTP.KD.ZG,密克罗尼西亚联邦,FSM,3.74092685650476,4.56320950034359,2.04189024308035,3.34706715645454,-1.98947930678645,-3.85852509447598,-2.15605893134472,4.93150055725128,0.700002436442929,3.19998162815548,1.40000000000001,..
GDP 增长率（年百分比）,NY.GDP.MKTP.KD.ZG,摩尔多瓦,MDA,..,2.10771605209766,7.10000009243468,5.81816640453508,-0.589734134738677,9.04386552833462,4.99962558416271,-0.338235296100407,4.40888674328883,4.69079342838687,3.99999999999996,..
GDP 增长率（年百分比）,NY.GDP.MKTP.KD.ZG,摩纳哥,MCO,2.64345417269378,3.91022922578345,2.05429385224207,7.07370084963446,0.984960324783145,9.57079878480552,7.17963684879821,4.94232976095542,3.21384883419209,-3.5,..,..
GDP 增长率（年百分比）,NY.GDP.MKTP.KD.ZG,蒙古,MNG,-3.18446017802542,1.14606213683845,6.36516168485748,17.290777583689,12.3198198484838,11.6489161898863,7.8852254815194,2.37983580688481,1.1683934561722,5.30166847047178,6.94883868471059,..
GDP 增长率（年百分比）,NY.GDP.MKTP.KD.ZG,黑山,MNE,..,3.09999741693463,2.73434154076678,3.22845038714465,-2.72376865415211,3.54901391824323,1.78368204613477,3.39042087590376,2.94933868513803,4.71646496209853,4.85444364455017,..
GDP 增长率（年百分比）,NY.GDP.MKTP.KD.ZG,摩洛哥,MAR,3.41181222631381,1.91287298063767,3.8157179167666,5.24569729729485,3.00996126221978,4.53542420003856,2.66949392694423,4.53637816806425,1.12597745123138,4.08750681721838,2.95006201908701,..
GDP 增长率（年百分比）,NY.GDP.MKTP.KD.ZG,莫桑比克,MOZ,0.999992833134456,1.6785029847975,6.68722160123971,7.11760666756443,7.19818582788976,7.14168332863071,7.44406944137428,6.59398595679544,3.76327559260542,3.73695824073801,3.26486587112763,..
GDP 增长率（年百分比）,NY.GDP.MKTP.KD.ZG,缅甸,MMR,2.81693327329167,13.7459305559899,9.63443945214466,5.5914823781961,7.33267044715451,8.42600102485187,7.99091559728875,6.99284029025135,5.86247291517364,6.75862882426273,6.20005107150712,..
GDP 增长率（年百分比）,NY.GDP.MKTP.KD.ZG,纳米比亚,NAM,2.04745993950704,3.49218342924829,6.03924954600518,5.09133819752299,5.06168201326828,5.61471970064058,6.35167796144982,6.08637611380499,1.12316886739141,-0.867877108197661,-0.0746768253348904,..
GDP 增长率（年百分比）,NY.GDP.MKTP.KD.ZG,瑙魯,NRU,..,..,13.550826776623,11.6845220726166,10.0865515410902,34.2149825107977,36.5240980933161,2.80819122591865,10.4000039995401,4.15468510415921,-3.47826086956522,..
GDP 增长率（年百分比）,NY.GDP.MKTP.KD.ZG,尼泊尔,NPL,4.63503634705982,6.19999998759771,4.81641465022444,3.42182824087472,4.78119225754814,4.12887767631092,5.98898466088025,3.32290543937557,0.588678498822517,7.90574161030806,6.28976217341481,..
GDP 增长率（年百分比）,NY.GDP.MKTP.KD.ZG,荷兰,NLD,4.18322281189747,4.19564246630577,1.34273944403994,1.5511892450879,-1.03035399675242,-0.130175239488068,1.4233954009121,1.95916969909209,2.19171372514313,2.91090256981492,2.59745362333229,..
GDP 增长率（年百分比）,NY.GDP.MKTP.KD.ZG,新喀里多尼亚,NCL,3.60000127425515,2.10010884233,..,..,..,..,..,..,..,..,..,..
GDP 增长率（年百分比）,NY.GDP.MKTP.KD.ZG,新西兰,NZL,0.153016760489223,2.90332378118615,1.5392455997316,2.33420028117229,2.2259655019993,2.57538601580582,3.71553302036169,3.58470455734231,3.6457989497049,3.1284608180374,2.78107911797703,..
GDP 增长率（年百分比）,NY.GDP.MKTP.KD.ZG,尼加拉瓜,NIC,-0.0524997208627127,4.10159015455254,4.41009911716546,6.31668553491842,6.49613654320945,4.92709406341379,4.78546020044223,4.79226764841731,4.56314737482455,4.67547537697217,-3.81571016878904,..
GDP 增长率（年百分比）,NY.GDP.MKTP.KD.ZG,尼日尔,NER,-1.28435538100815,-1.40950935004449,8.3642195301652,2.28300848699708,11.8498191816674,5.26841489730204,7.52904306849105,4.33707236874471,4.92593093265921,4.89343669249749,5.1726982626509,..
GDP 增长率（年百分比）,NY.GDP.MKTP.KD.ZG,尼日利亚,NGA,11.7768859323494,5.01593475720539,8.00565591528179,5.30792420366642,4.23006117510556,6.67133539288376,6.30971865572383,2.65269329541835,-1.61686894991816,0.805886619542704,1.93726806769712,..
GDP 增长率（年百分比）,NY.GDP.MKTP.KD.ZG,北马其顿,MKD,..,4.54913578288874,3.35875085773812,2.33988604520331,-0.4559226963529,2.92472656750948,3.62964130783041,3.85561030191197,2.84844146117298,0.240521014001672,2.66459188911705,..
GDP 增长率（年百分比）,NY.GDP.MKTP.KD.ZG,北马里亚纳群岛,MNP,..,..,1.38364779874213,-7.69230769230769,0.537634408602145,2.40641711229948,3.78590078328982,3.39622641509433,28.2238442822384,25.1423149905123,..,..
GDP 增长率（年百分比）,NY.GDP.MKTP.KD.ZG,挪威,NOR,1.93243886932204,3.20528507503268,0.691663072400317,0.971934878567197,2.72162679227745,1.04438907843544,1.97511744594576,1.97005293385466,1.1873547638491,1.98043774938603,1.44602964100082,..
GDP 增长率（年百分比）,NY.GDP.MKTP.KD.ZG,阿曼,OMN,-0.130425740072312,5.40137271684384,4.80471128505226,-1.10874578676601,9.33267557628487,4.37261577587267,2.75103163686383,4.74125071715432,4.98017097200618,-0.928051651319905,2.12513728907484,..
GDP 增长率（年百分比）,NY.GDP.MKTP.KD.ZG,巴基斯坦,PAK,4.45858681509816,4.26008801156799,1.60669195949077,2.74840254954,3.50703342009689,4.39645663349772,4.67470798143725,4.73114747532901,5.52673584474448,5.7006212410121,5.43001078627286,..
GDP 增长率（年百分比）,NY.GDP.MKTP.KD.ZG,帕劳,PLW,..,..,0.416866485798579,5.38659954740059,3.59721647870866,-2.10395135721033,4.77485179983563,10.4309732952978,0.526568960576412,-3.57056682532007,5,..
GDP 增长率（年百分比）,NY.GDP.MKTP.KD.ZG,巴拿马,PAN,8.09899300563276,2.71537415482821,5.82783939246903,11.3137317481848,9.77890394560946,6.90327256581698,5.06674321802782,5.7327636321358,4.96642044408036,5.32123018419239,3.6770136293445,..
GDP 增长率（年百分比）,NY.GDP.MKTP.KD.ZG,巴布亚新几内亚,PNG,-3.01216922049173,-2.49484199260023,10.1246862187585,1.10731101085722,4.64842068485383,3.82993127351973,13.5,9.49999999999997,4.10000000000004,1.54982084674984,0.427556312957719,..
GDP 增长率（年百分比）,NY.GDP.MKTP.KD.ZG,巴拉圭,PRY,4.12328287958159,-2.31414056819048,11.1437357938518,4.24911104462905,-0.538512942503061,8.41749528470305,4.86089037055322,3.08037400793089,4.31290497002365,4.95805142159847,3.63782677195871,..
GDP 增长率（年百分比）,NY.GDP.MKTP.KD.ZG,秘鲁,PER,-4.98256353646605,2.69437139806912,8.33245910749577,6.32719240161117,6.13972470560435,5.85251821084928,2.38193828255939,3.25588959720268,3.95588180435296,2.51908853491756,3.9765015187284,..
GDP 增长率（年百分比）,NY.GDP.MKTP.KD.ZG,菲律宾,PHL,3.03696629398218,4.4112221600475,7.63226477978098,3.65975160085374,6.68381888126677,7.06402426383154,6.14529878578456,6.066548904721,6.88405503672969,6.67755356557139,6.24373774240088,..
GDP 增长率（年百分比）,NY.GDP.MKTP.KD.ZG,波兰,POL,..,4.55963142810978,3.60692826143993,5.01730438982133,1.60790558520713,1.39189141872289,3.31844541480248,3.8389451674761,3.06259854136425,4.81412954395472,5.14946407917856,..
GDP 增长率（年百分比）,NY.GDP.MKTP.KD.ZG,葡萄牙,PRT,3.95052333179655,3.78749400060012,1.89869117560959,-1.82685235062658,-4.0282567482528,-1.13015582288244,0.893187724532879,1.82206564350729,1.92573629650256,2.79502424788114,2.14461216154047,..
GDP 增长率（年百分比）,NY.GDP.MKTP.KD.ZG,波多黎各,PRI,-2.84054072620243,3.2719645286232,-0.413254118484915,-0.358510628287519,0.0292751104899196,-0.306826657099961,-1.19036345385327,-1.04944365110553,-1.26300292505275,-2.65739341978775,-4.90562615259037,..
GDP 增长率（年百分比）,NY.GDP.MKTP.KD.ZG,卡塔尔,QAT,..,..,19.592331533546,13.3751764061915,4.68725917732711,4.41027461916184,3.97888214728583,3.65751026057268,2.13131091589808,1.57985025330348,1.43164807667107,..
GDP 增长率（年百分比）,NY.GDP.MKTP.KD.ZG,罗马尼亚,ROU,..,2.4612634592269,-3.9012362801862,2.00715624364216,2.07716500653777,3.51455180408476,3.41080910017932,3.8715223230984,4.80079990634931,6.99139354329581,4.09567394177144,..
GDP 增长率（年百分比）,NY.GDP.MKTP.KD.ZG,俄罗斯联邦,RUS,-2.99999564223592,10.0000668155913,4.49999999999997,4.30002918571843,3.70005705515455,1.80000014017688,0.699999429699687,-2.30773350532326,0.32928233248073,1.63019594439062,2.2548400528962,..
GDP 增长率（年百分比）,NY.GDP.MKTP.KD.ZG,卢旺达,RWA,-2.39929109691023,8.37091044494798,7.33819481720899,7.78392027484294,8.82032111668411,4.7135507135074,7.62457574959272,8.86797737443902,5.98131491296596,6.05783131918818,8.67168339449135,..
GDP 增长率（年百分比）,NY.GDP.MKTP.KD.ZG,萨摩亚,WSM,-4.42145094868916,6.91879029910028,0.47915871283746,5.77854429724889,0.402103619462892,-1.93385875571262,1.39675800802897,1.45106458049524,7.16942148640129,2.70479622366904,0.724091003967558,..
GDP 增长率（年百分比）,NY.GDP.MKTP.KD.ZG,圣马力诺,SMR,..,2.21075902726602,-4.65549348230913,-9.44010416666666,-7.54852624011502,-3.03265940902023,-0.900000000000006,0.599999999999994,2.2,1.50000000000001,..,..
GDP 增长率（年百分比）,NY.GDP.MKTP.KD.ZG,圣多美和普林西比,STP,..,..,6.67198532008364,4.39820168502787,3.14197585150298,4.81479438630852,6.54993309994882,3.79839893574065,4.17237773370091,3.87118594735394,2.65769375666697,..
GDP 增长率（年百分比）,NY.GDP.MKTP.KD.ZG,沙特阿拉伯,SAU,15.1934258909531,5.62541614258343,5.03949367491363,9.996857793684,5.41144490216436,2.69925472255672,3.65248169757899,4.10640887013658,1.67064234738177,-0.741529926677842,2.21496872383027,..
GDP 增长率（年百分比）,NY.GDP.MKTP.KD.ZG,塞内加尔,SEN,-0.67563815073639,3.19898803557805,3.56274538962795,1.45838867102761,5.11739423750484,2.82210564888692,6.61307474209912,6.36726342710998,6.35639679150557,7.08292229081955,6.76629382361236,..
GDP 增长率（年百分比）,NY.GDP.MKTP.KD.ZG,塞尔维亚,SRB,..,7.7592152412588,0.73104644308539,2.03627572593629,-0.68154213304129,2.89263416214173,-1.58950618376664,1.77632097282286,3.34032906859376,2.04931052528016,4.30178771501495,..
GDP 增长率（年百分比）,NY.GDP.MKTP.KD.ZG,塞舌尔,SYC,6.99554469003365,1.51433881472376,5.95496246872393,7.88727959697732,1.26082883408726,6.01807682463131,4.50478524378195,4.93738561888499,4.50303266611134,4.332388098528,3.62735158274192,..
GDP 增长率（年百分比）,NY.GDP.MKTP.KD.ZG,塞拉利昂,SLE,3.34999798387723,6.65272788470479,5.34646605237529,6.31504503637647,15.1817690830225,20.7157682858728,4.55677236615293,-20.5987707154032,6.05547402877262,4.21118264884808,3.72795555462642,..
GDP 增长率（年百分比）,NY.GDP.MKTP.KD.ZG,新加坡,SGP,9.82097169443168,9.03919573987264,14.5256466619866,6.26226776242771,4.44931580454463,4.81504503767849,3.90057322758308,2.89249922790063,2.96232725878104,3.69978157650705,3.13946454303462,..
GDP 增长率（年百分比）,NY.GDP.MKTP.KD.ZG,圣马丁(荷属),SXM,..,..,3.20000000000012,4.60000000000009,1.39054666984961,1.30672788274767,1.5803846377317,0.509065949779796,0.432506259959027,..,..,..
GDP 增长率（年百分比）,NY.GDP.MKTP.KD.ZG,斯洛伐克共和国,SVK,..,1.21017337643214,5.04171666503819,2.81909951757757,1.65714868719411,1.49064643782009,2.75033501688633,4.1748731972655,3.12541010471965,3.1883410545346,4.10904958250215,..
GDP 增长率（年百分比）,NY.GDP.MKTP.KD.ZG,斯洛文尼亚,SVN,..,4.15543396003217,1.23775590870558,0.649366927703497,-2.66958205232561,-1.13205498110763,2.95056515351175,2.30489583453499,3.06808705949028,4.88053750601732,4.48722055054185,..
GDP 增长率（年百分比）,NY.GDP.MKTP.KD.ZG,所罗门群岛,SLB,..,-14.2674830306195,6.8090449603589,13.1956326599746,4.55539429942904,3.01784944350992,2.25009071057131,2.54224020069339,3.45660623275934,3.53433914692091,3.38552284233624,..
GDP 增长率（年百分比）,NY.GDP.MKTP.KD.ZG,索马里,SOM,-1.48407568424224,..,..,..,..,..,..,..,..,..,..,..
GDP 增长率（年百分比）,NY.GDP.MKTP.KD.ZG,南非,ZAF,-0.317785675763318,4.2000034755179,3.03973081360169,3.28416814231139,2.21335480848441,2.4852005003106,1.84699160365716,1.19373280124428,0.399087929556359,1.41451262585058,0.787055570495099,..
GDP 增长率（年百分比）,NY.GDP.MKTP.KD.ZG,南苏丹,SSD,..,..,5.49341639529945,-4.64031673600859,-46.0821223743007,13.1297311406943,3.37448084910015,-10.7918084928296,-11.184087070745,..,..,..
GDP 增长率（年百分比）,NY.GDP.MKTP.KD.ZG,西班牙,ESP,3.78139346477435,5.28909959505918,0.0140638777627089,-0.998764958114961,-2.92775050717711,-1.70570500034654,1.37999723824269,3.64468015224406,3.1725896604465,2.97918240061863,2.58174653442416,..
GDP 增长率（年百分比）,NY.GDP.MKTP.KD.ZG,斯里兰卡,LKA,6.3999953069393,6.00003316014399,8.01596737088065,8.404733021011,9.14457224642567,3.39573264983426,4.9607005916973,5.00768330472781,4.48663453096836,3.41981918897194,3.20913112799197,..
GDP 增长率（年百分比）,NY.GDP.MKTP.KD.ZG,圣基茨和尼维斯,KNA,4.87753040532819,10.4071934060667,-1.46605086302448,1.78389830895847,-0.655672569716828,5.46597400837716,6.05557759878681,2.14665652390131,2.31750850479571,1.17056267600921,3.001453554872,..
GDP 增长率（年百分比）,NY.GDP.MKTP.KD.ZG,圣卢西亚,LCA,9.89070152928586,0.0487484244816301,0.303818185809106,4.13937588904392,-0.313727783670373,-1.99580164075252,0.00470477149868032,0.272500389647632,3.89027988629434,3.67186143477542,0.59763357725582,..
GDP 增长率（年百分比）,NY.GDP.MKTP.KD.ZG,圣马丁（法属）,MAF,..,..,..,..,..,..,..,..,..,..,..,..
GDP 增长率（年百分比）,NY.GDP.MKTP.KD.ZG,圣文森特和格林纳丁斯,VCT,4.14991262400642,1.6391788812376,-3.35352588952401,-0.41935148189593,1.38242041064788,1.83316943694409,1.21367169640408,1.34163899206334,1.97545593919382,0.859946222072466,2.55689713658356,..
GDP 增长率（年百分比）,NY.GDP.MKTP.KD.ZG,苏丹,SDN,-5.47005377615478,6.34586776869979,3.46933509264973,-1.96772897878996,0.521559266641702,4.39471113218659,2.67941181278037,4.90604517452817,4.70000004201418,4.28307100401813,-2.32082732082732,..
GDP 增长率（年百分比）,NY.GDP.MKTP.KD.ZG,苏里南,SUR,-4.49999999999986,2.09999865984885,5.16523777230078,5.84936778449699,2.69035005713098,2.93344123002225,0.255503144654085,-3.41109586355617,-5.56119342399026,1.68708360197722,1.99725245693753,..
GDP 增长率（年百分比）,NY.GDP.MKTP.KD.ZG,瑞典,SWE,0.75467475016579,4.74561672037481,5.99196804099729,2.67922810276563,-0.298512381188857,1.23834939778263,2.60190266972866,4.45656910952738,2.68396634344812,2.10471614023258,2.35893955161824,..
GDP 增长率（年百分比）,NY.GDP.MKTP.KD.ZG,瑞士,CHE,3.67462563846016,3.93682345267324,3.00269910775171,1.69280849515039,1.00602409742663,1.85203975735246,2.44921809651646,1.33336908591109,1.60122355611645,1.61669215479019,2.54042671344739,..
GDP 增长率（年百分比）,NY.GDP.MKTP.KD.ZG,阿拉伯叙利亚共和国,SYR,7.64077232347231,2.74285739723466,..,..,..,..,..,..,..,..,..,..
GDP 增长率（年百分比）,NY.GDP.MKTP.KD.ZG,塔吉克斯坦,TJK,-0.59999963133663,8.3243244947386,6.5206807512775,7.40064054338714,7.48617522370516,7.40008125648346,6.70596816770588,6.0082878718954,6.87296379689192,7.61749269091885,7.30000028747864,..
GDP 增长率（年百分比）,NY.GDP.MKTP.KD.ZG,坦桑尼亚,TZA,7.04507164384178,4.52078463488321,6.33652342747493,7.67215543499384,4.50015355982127,6.78158560065316,6.73246186832482,6.16062877406685,6.86711619644551,6.78568011405196,5.20000000000019,..
GDP 增长率（年百分比）,NY.GDP.MKTP.KD.ZG,泰国,THA,11.1671634446292,4.45567603093122,7.5135906579751,0.839959472432227,7.24278660542524,2.68737991886854,0.984414063833114,3.13389696194272,3.35648887223402,4.02408578077439,4.12922610260051,..
GDP 增长率（年百分比）,NY.GDP.MKTP.KD.ZG,东帝汶,TLS,..,..,-1.17206244491041,11.4579084002533,5.02312233019191,-11.086219848141,-25.9071720800131,20.6256011239109,0.706714167515997,-9.15398647807237,2.81398142870853,..
GDP 增长率（年百分比）,NY.GDP.MKTP.KD.ZG,多哥,TGO,-0.243656135667436,-0.783479607131241,6.09925916082048,6.39819905238801,6.54350703065616,6.11234307771727,5.92058857118545,5.74286845333449,4.9183564426411,4.4494073919864,4.88413046423071,..
GDP 增长率（年百分比）,NY.GDP.MKTP.KD.ZG,汤加,TON,-2.04409143450822,3.3698396935288,3.58565737051792,2.78514588859416,0.890322580645162,-3.12060365775675,2.07260726072607,3.71184687015003,3.37947374984412,2.69999999999999,0.299999999999983,..
GDP 增长率（年百分比）,NY.GDP.MKTP.KD.ZG,特立尼达和多巴哥,TTO,1.50916784203096,6.90135959072803,3.32322471027371,-0.294354409043763,1.293978927249,2.00600253440354,-0.96968415547687,1.77788585127057,-6.50920697902158,-1.90000000000001,0.700000004544691,..
GDP 增长率（年百分比）,NY.GDP.MKTP.KD.ZG,突尼斯,TUN,7.94981943592961,4.70985994539875,3.5106086386031,-1.91717767962636,3.99767400230937,2.87552384230733,2.97139834510902,1.19454178071759,1.26252855507596,1.82467531936202,2.50533296534539,..
GDP 增长率（年百分比）,NY.GDP.MKTP.KD.ZG,土耳其,TUR,9.26614667149322,6.64006112058992,8.48737213928641,11.1134955725645,4.78994028093425,8.49130929868582,5.16669071840813,6.08588661619443,3.18383154709569,7.44119329129511,2.56662303733567,..
GDP 增长率（年百分比）,NY.GDP.MKTP.KD.ZG,土库曼斯坦,TKM,35.3845581084463,5.46906413252853,9.19999998805483,14.6999999278723,11.0999999615545,10.200000101399,10.2999999705459,6.49999990951666,6.1999999664301,6.50000004682975,6.19999994137119,..
GDP 增长率（年百分比）,NY.GDP.MKTP.KD.ZG,特克斯科斯群岛,TCA,..,..,..,..,-2.53000000000006,1.3653208503998,6.70368436002458,5.9412708281095,4.39970171513791,4.27546583850929,5.28208549380973,..
GDP 增长率（年百分比）,NY.GDP.MKTP.KD.ZG,图瓦卢,TUV,..,-0.970599813962579,-2.72942791190968,7.51595420581725,-3.83574882108887,4.57682370419998,1.34801268229315,9.14289393283154,3.03472315323769,4.0940177168018,2.50000000000001,..
GDP 增长率（年百分比）,NY.GDP.MKTP.KD.ZG,乌干达,UGA,6.47414015085921,3.14190733820372,5.63759980250855,9.39166774905111,3.83745560597488,3.58690582619572,5.10630732428807,5.1878598626103,4.7810002914413,3.86302375685661,6.09014455290458,..
GDP 增长率（年百分比）,NY.GDP.MKTP.KD.ZG,乌克兰,UKR,-6.3452351284915,5.89999999959699,3.83438769855928,5.46553190543162,0.23868130555249,-0.0267296493157545,-6.55261889108043,-9.77297394655352,2.44099473810617,2.46605345179482,3.33548930910057,..
GDP 增长率（年百分比）,NY.GDP.MKTP.KD.ZG,阿拉伯联合酋长国,ARE,18.3279855336405,10.8527042125985,1.60280996068229,6.93027162943835,4.4846260849087,5.05334582526655,4.39869668246446,5.06470152944831,2.98844182081464,0.790400387794406,1.4238403611281,..
GDP 增长率（年百分比）,NY.GDP.MKTP.KD.ZG,英国,GBR,0.739318852179167,3.45346055355552,1.7112064453315,1.64477001712162,1.44706044309314,2.04635515272859,2.94756056386132,2.34912144328266,1.78923605462249,1.82292777386984,1.39760759249872,..
GDP 增长率（年百分比）,NY.GDP.MKTP.KD.ZG,美国,USA,1.88596032242019,4.12748401255413,2.56376655847168,1.55083550620974,2.24954585216848,1.8420810704697,2.4519730360895,2.88091046576689,1.56721516988685,2.21701033035224,2.8569878160516,..
GDP 增长率（年百分比）,NY.GDP.MKTP.KD.ZG,乌拉圭,URY,0.297348378311099,-1.92993063972195,7.80340966844247,5.16213302579712,3.53817870685688,4.63753864311411,3.23879121621601,0.370741266957879,1.68979816237868,2.59133868710855,1.62008362892945,..
GDP 增长率（年百分比）,NY.GDP.MKTP.KD.ZG,乌兹别克斯坦,UZB,1.60000000555954,3.83500000000051,8.47906186371669,8.2813033220434,8.17975142411682,8.02604897087058,7.17938898924697,7.44847030833367,6.09432524285347,4.46162769687355,5.13298639160256,..
GDP 增长率（年百分比）,NY.GDP.MKTP.KD.ZG,瓦努阿图,VUT,11.7064847304093,5.92204453891594,1.62908159635768,1.22322553548928,1.75474992652525,1.96914608039688,2.33100621490578,-0.801094177413049,4.00057448624516,4.50068030474749,3.2,..
GDP 增长率（年百分比）,NY.GDP.MKTP.KD.ZG,委内瑞拉玻利瓦尔共和国,VEN,6.46794085305808,3.68694416687683,-1.48879125078348,4.17642535923927,5.62595697508641,1.34309403607476,-3.89438647450662,..,..,..,..,..
GDP 增长率（年百分比）,NY.GDP.MKTP.KD.ZG,越南,VNM,5.10091814039046,6.78731640822197,6.42323821717494,6.24030274887527,5.2473671560487,5.42188299130713,5.98365463697851,6.67928878891431,6.21081166789989,6.8122456596398,7.07578861674985,..
GDP 增长率（年百分比）,NY.GDP.MKTP.KD.ZG,美属维京群岛,VIR,..,..,0.904116107542023,-8.15845319500117,-15.0192554557123,-5.8308157099698,-0.86621751684325,0.194174757281715,0.90439276485796,-1.6965428937263,..,..
GDP 增长率（年百分比）,NY.GDP.MKTP.KD.ZG,约旦河西岸和加沙,PSE,..,-8.55618329065622,8.09908926205796,12.413635701795,6.28423577159163,2.21742245691443,-0.181890996723581,3.42873225371518,4.70843525605618,3.14023678003272,0.905278232405877,..
GDP 增长率（年百分比）,NY.GDP.MKTP.KD.ZG,也门共和国,YEM,..,6.1819155928913,7.70230703961865,-12.7148968954117,2.3929902093532,4.82351906650533,-0.188690232450909,-16.6784631311462,-13.621458438417,-5.94231950439713,-2.7014748649632,..
GDP 增长率（年百分比）,NY.GDP.MKTP.KD.ZG,赞比亚,ZMB,-0.481072027781664,3.89732294341896,10.2982058517493,5.56462471673873,7.59761696886545,5.05937637822657,4.69582637269048,2.91988111018713,3.75717780476374,3.40316885119505,3.79490091669091,..
GDP 增长率（年百分比）,NY.GDP.MKTP.KD.ZG,津巴布韦,ZWE,6.98855293318542,-3.05918976180379,19.6753231424645,14.1939129572162,16.6654287684678,1.98949276207208,2.37692932698003,1.77987270340296,0.75586925093063,4.70403534833559,6.1591897984876,..
,,,,,,,,,,,,,,,
,,,,,,,,,,,,,,,
,,,,,,,,,,,,,,,
Data from Database: 世界发展指标,,,,,,,,,,,,,,,
Last Updated: 10/28/2019,,,,,,,,,,,,,,,
